{
  "ingredientes": {
    "paes": [
      {
        "id": 1,
        "tipo": "Italiano Branco"
      },
      {
        "id": 2,
        "tipo": "3 Queijos"
      },
      {
        "id": 3,
        "tipo": "Parmesão e Orégano"
      },
      {
        "id": 4,
        "tipo": "Integral"
      }
    ],
    "carnes": [
      {
        "id": 1,
        "tipo": "Maminha"
      },
      {
        "id": 2,
        "tipo": "Alcatra"
      },
      {
        "id": 3,
        "tipo": "Picanha"
      },
      {
        "id": 4,
        "tipo": "Veggie burger"
      }
    ],
    "opcionais": [
      {
        "id": 1,
        "tipo": "Bacon"
      },
      {
        "id": 2,
        "tipo": "Cheddar"
      },
      {
        "id": 3,
        "tipo": "Salame"
      },
      {
        "id": 4,
        "tipo": "Tomate"
      },
      {
        "id": 4,
        "tipo": "Cebola roxa"
      },
      {
        "id": 4,
        "tipo": "Pepino"
      }
    ]
  },
  "status": [
    {
      "id": "1",
      "tipo": "Solicitado"
    },
    {
      "id": "2",
      "tipo": "Em produção"
    },
    {
      "id": "3",
      "tipo": "Finalizado"
    }
  ],
  "burguers": [
    {
      "id": "1259",
      "nome": "fagundes",
      "carne": "Veggie burger",
      "pao": "Integral",
      "opcionais": [
        "Bacon"
      ],
      "status": "Em produção"
    }
  ]
}