{
  "projects": [
    {
      "id": "9ad9",
      "name": "PROJETO 1",
      "budget": "2000",
      "category": {
        "id": "2",
        "name": "Desenvolvimento"
      },
      "cost": 100,
      "services": [
        {
          "name": "serviço",
          "cost": "100",
          "description": "ksjdflkjsd",
          "id": "a1444268-9b25-4aea-ba76-51b2e6ac30b7"
        }
      ]
    },
    {
      "id": "1138",
      "name": "projeto 2",
      "budget": "20000",
      "category": {
        "id": "1",
        "name": "Infra"
      },
      "cost": 0,
      "services": []
    },
    {
      "id": "14c6",
      "category": {
        "id": "2",
        "name": "Desenvolvimento"
      },
      "name": "projeto",
      "budget": "2000",
      "cost": 0,
      "services": []
    }
  ],
  "categories": [
    {
      "id": "1",
      "name": "Infra"
    },
    {
      "id": "2",
      "name": "Desenvolvimento"
    },
    {
      "id": "3",
      "name": "Design"
    },
    {
      "id": "4",
      "name": "Planejamento"
    }
  ]
}